{"cameraMode":{"drawMode":0,"name":"Shaded","section":"Shading Mode"},"sceneLighting":false,"audioPlay":false,"sceneViewState":{"showFog":true,"showMaterialUpdate":false,"showSkybox":false,"showFlares":true,"showImageEffects":true,"showParticleSystems":true},"in2DMode":false,"pivot":{"x":7.77329158782959,"y":1.0885796546936036,"z":-6.5616865158081059},"rotation":{"x":0.10573151707649231,"y":-0.7680429220199585,"z":0.13144294917583466,"w":0.6177880764007568},"size":0.799002468585968,"orthographic":false}