{"cameraMode":{"drawMode":0,"name":"Shaded","section":"Shading Mode"},"sceneLighting":true,"audioPlay":false,"sceneViewState":{"showFog":true,"showMaterialUpdate":false,"showSkybox":true,"showFlares":true,"showImageEffects":true,"showParticleSystems":true},"in2DMode":false,"pivot":{"x":11.174561500549317,"y":-12.829914093017579,"z":0.8631782531738281},"rotation":{"x":-0.5747599601745606,"y":0.0004885318921878934,"z":-0.00034320648410357535,"w":-0.8183232545852661},"size":15.478236198425293,"orthographic":false}