{"cameraMode":{"drawMode":0,"name":"Shaded","section":"Shading Mode"},"sceneLighting":false,"audioPlay":false,"sceneViewState":{"showFog":true,"showMaterialUpdate":false,"showSkybox":false,"showFlares":true,"showImageEffects":true,"showParticleSystems":true},"in2DMode":false,"pivot":{"x":7.987458229064941,"y":0.5875183343887329,"z":-5.852494239807129},"rotation":{"x":0.04454980418086052,"y":-0.9240933656692505,"z":0.3621476888656616,"w":0.11367499083280564},"size":0.8960520625114441,"orthographic":false}