{"cameraMode":{"drawMode":0,"name":"Shaded","section":"Shading Mode"},"sceneLighting":false,"audioPlay":false,"sceneViewState":{"showFog":true,"showMaterialUpdate":false,"showSkybox":false,"showFlares":true,"showImageEffects":true,"showParticleSystems":true},"in2DMode":false,"pivot":{"x":5.570302486419678,"y":0.6848673224449158,"z":-1.613590121269226},"rotation":{"x":0.04617217183113098,"y":0.008088321425020695,"z":0.0003738238592632115,"w":-0.9989021420478821},"size":0.3359338641166687,"orthographic":false}