{"cameraMode":{"drawMode":0,"name":"Shaded","section":"Shading Mode"},"sceneLighting":false,"audioPlay":false,"sceneViewState":{"showFog":true,"showMaterialUpdate":false,"showSkybox":false,"showFlares":true,"showImageEffects":true,"showParticleSystems":true},"in2DMode":false,"pivot":{"x":8.817999839782715,"y":0.5010000467300415,"z":-0.05900001525878906},"rotation":{"x":-0.5747599601745606,"y":0.0004885318921878934,"z":-0.00034320648410357535,"w":-0.8183232545852661},"size":1.0392307043075562,"orthographic":false}