{"cameraMode":{"drawMode":0,"name":"Shaded","section":"Shading Mode"},"sceneLighting":true,"audioPlay":false,"sceneViewState":{"showFog":true,"showMaterialUpdate":false,"showSkybox":true,"showFlares":true,"showImageEffects":true,"showParticleSystems":true},"in2DMode":false,"pivot":{"x":8.08676815032959,"y":0.46246492862701418,"z":-4.977541923522949},"rotation":{"x":0.30245375633239748,"y":-0.15212687849998475,"z":0.04896571487188339,"w":0.9396758675575256},"size":3.0827176570892336,"orthographic":false}