{"cameraMode":{"drawMode":0,"name":"Shaded","section":"Shading Mode"},"sceneLighting":false,"audioPlay":false,"sceneViewState":{"showFog":true,"showMaterialUpdate":false,"showSkybox":false,"showFlares":true,"showImageEffects":true,"showParticleSystems":true},"in2DMode":false,"pivot":{"x":21.020000457763673,"y":0.75,"z":0.6299999952316284},"rotation":{"x":0.40083256363868716,"y":0.01704116351902485,"z":-0.007456156425178051,"w":0.915964663028717},"size":0.4330126941204071,"orthographic":false}