{"cameraMode":{"drawMode":0,"name":"Shaded","section":"Shading Mode"},"sceneLighting":false,"audioPlay":false,"sceneViewState":{"showFog":true,"showMaterialUpdate":false,"showSkybox":false,"showFlares":true,"showImageEffects":true,"showParticleSystems":true},"in2DMode":false,"pivot":{"x":13.330699920654297,"y":1.5956852436065674,"z":-3.6845009326934816},"rotation":{"x":0.05531558021903038,"y":0.07481434941291809,"z":-0.004156466573476791,"w":0.9956535696983337},"size":0.4147466719150543,"orthographic":false}