{"cameraMode":{"drawMode":0,"name":"Shaded","section":"Shading Mode"},"sceneLighting":false,"audioPlay":false,"sceneViewState":{"showFog":true,"showMaterialUpdate":false,"showSkybox":false,"showFlares":true,"showImageEffects":true,"showParticleSystems":true},"in2DMode":false,"pivot":{"x":9.33695125579834,"y":1.1297647953033448,"z":-6.59736967086792},"rotation":{"x":-0.006545180454850197,"y":0.8380987644195557,"z":0.010057643055915833,"w":0.5453876256942749},"size":1.2822072505950928,"orthographic":false}