{"cameraMode":{"drawMode":0,"name":"Shaded","section":"Shading Mode"},"sceneLighting":false,"audioPlay":false,"sceneViewState":{"showFog":true,"showMaterialUpdate":false,"showSkybox":false,"showFlares":true,"showImageEffects":true,"showParticleSystems":true},"in2DMode":false,"pivot":{"x":9.580713272094727,"y":1.2601490020751954,"z":-3.872220039367676},"rotation":{"x":0.39117369055747988,"y":-0.01932448148727417,"z":0.008215845562517643,"w":0.920077919960022},"size":0.4147467017173767,"orthographic":false}