{"cameraMode":{"drawMode":0,"name":"Shaded","section":"Shading Mode"},"sceneLighting":false,"audioPlay":false,"sceneViewState":{"showFog":true,"showMaterialUpdate":false,"showSkybox":false,"showFlares":true,"showImageEffects":true,"showParticleSystems":true},"in2DMode":false,"pivot":{"x":3.763000011444092,"y":2.0399999618530275,"z":-1.2799999713897706},"rotation":{"x":0.16410022974014283,"y":0.8329070806503296,"z":-0.3330579996109009,"w":0.4103793799877167},"size":0.08660245686769486,"orthographic":false}