{"cameraMode":{"drawMode":0,"name":"Shaded","section":"Shading Mode"},"sceneLighting":false,"audioPlay":false,"sceneViewState":{"showFog":true,"showMaterialUpdate":false,"showSkybox":false,"showFlares":true,"showImageEffects":true,"showParticleSystems":true},"in2DMode":false,"pivot":{"x":5.661021709442139,"y":1.526355266571045,"z":-0.5608525276184082},"rotation":{"x":0.1793784201145172,"y":0.22646279633045197,"z":-0.04247420281171799,"w":0.9564203023910523},"size":0.4147461950778961,"orthographic":false}