{"cameraMode":{"drawMode":0,"name":"Shaded","section":"Shading Mode"},"sceneLighting":false,"audioPlay":false,"sceneViewState":{"showFog":true,"showMaterialUpdate":false,"showSkybox":false,"showFlares":true,"showImageEffects":true,"showParticleSystems":true},"in2DMode":false,"pivot":{"x":8.766416549682618,"y":0.9336670637130737,"z":-0.05900004506111145},"rotation":{"x":0.11833003908395767,"y":0.21478189527988435,"z":-0.026225168257951738,"w":0.9691126942634583},"size":0.6572409868240356,"orthographic":false}