{"cameraMode":{"drawMode":0,"name":"Shaded","section":"Shading Mode"},"sceneLighting":false,"audioPlay":false,"sceneViewState":{"showFog":true,"showMaterialUpdate":false,"showSkybox":false,"showFlares":true,"showImageEffects":true,"showParticleSystems":true},"in2DMode":false,"pivot":{"x":9.380477905273438,"y":1.4234329462051392,"z":-0.18592190742492677},"rotation":{"x":0.0006646493566222489,"y":0.9795020222663879,"z":-0.201421320438385,"w":0.003233053022995591},"size":1.4660253524780274,"orthographic":false}