{"cameraMode":{"drawMode":0,"name":"Shaded","section":"Shading Mode"},"sceneLighting":false,"audioPlay":false,"sceneViewState":{"showFog":true,"showMaterialUpdate":false,"showSkybox":false,"showFlares":true,"showImageEffects":true,"showParticleSystems":true},"in2DMode":false,"pivot":{"x":7.908598899841309,"y":0.6050858497619629,"z":-7.711555480957031},"rotation":{"x":-0.43750977516174319,"y":0.5584093928337097,"z":-0.451093852519989,"w":-0.5415757298469544},"size":1.6732051372528077,"orthographic":false}