{"cameraMode":{"drawMode":0,"name":"Shaded","section":"Shading Mode"},"sceneLighting":true,"audioPlay":false,"sceneViewState":{"showFog":true,"showMaterialUpdate":false,"showSkybox":false,"showFlares":true,"showImageEffects":true,"showParticleSystems":true},"in2DMode":false,"pivot":{"x":8.266709327697754,"y":-0.6460903882980347,"z":-3.7755048274993898},"rotation":{"x":-0.31320083141326907,"y":-0.6539328694343567,"z":0.3429412245750427,"w":-0.5972210764884949},"size":1.3516974449157715,"orthographic":false}