{"cameraMode":{"drawMode":0,"name":"Shaded","section":"Shading Mode"},"sceneLighting":false,"audioPlay":false,"sceneViewState":{"showFog":true,"showMaterialUpdate":false,"showSkybox":false,"showFlares":true,"showImageEffects":true,"showParticleSystems":true},"in2DMode":false,"pivot":{"x":5.026638031005859,"y":1.7399073839187623,"z":-1.1410001516342164},"rotation":{"x":-0.19361355900764466,"y":-0.26524803042411806,"z":0.05445167049765587,"w":-0.942997395992279},"size":0.6402859091758728,"orthographic":false}