{"cameraMode":{"drawMode":0,"name":"Shaded","section":"Shading Mode"},"sceneLighting":false,"audioPlay":false,"sceneViewState":{"showFog":true,"showMaterialUpdate":false,"showSkybox":false,"showFlares":true,"showImageEffects":true,"showParticleSystems":true},"in2DMode":false,"pivot":{"x":6.955822944641113,"y":0.5642445087432861,"z":5.240370273590088},"rotation":{"x":0.1734585016965866,"y":0.8192083239555359,"z":-0.4422314167022705,"w":0.32132479548454287},"size":15.112812042236329,"orthographic":false}