{"cameraMode":{"drawMode":0,"name":"Shaded","section":"Shading Mode"},"sceneLighting":false,"audioPlay":false,"sceneViewState":{"showFog":true,"showMaterialUpdate":false,"showSkybox":false,"showFlares":true,"showImageEffects":true,"showParticleSystems":true},"in2DMode":false,"pivot":{"x":7.184091567993164,"y":1.0533360242843629,"z":8.220000267028809},"rotation":{"x":0.40669935941696169,"y":0.11462198197841644,"z":-0.051516931504011157,"w":0.904878556728363},"size":1.1925526857376099,"orthographic":false}