{"cameraMode":{"drawMode":1,"name":"Wireframe","section":"Shading Mode"},"sceneLighting":false,"audioPlay":false,"sceneViewState":{"showFog":true,"showMaterialUpdate":false,"showSkybox":false,"showFlares":true,"showImageEffects":true,"showParticleSystems":true},"in2DMode":false,"pivot":{"x":5.142000198364258,"y":1.7649999856948853,"z":-1.0529999732971192},"rotation":{"x":-0.006563639733940363,"y":-0.9916221499443054,"z":0.05598512291908264,"w":-0.11625419557094574},"size":0.4554758071899414,"orthographic":true}