{"cameraMode":{"drawMode":0,"name":"Shaded","section":"Shading Mode"},"sceneLighting":false,"audioPlay":false,"sceneViewState":{"showFog":true,"showMaterialUpdate":false,"showSkybox":false,"showFlares":true,"showImageEffects":true,"showParticleSystems":true},"in2DMode":false,"pivot":{"x":5.620114803314209,"y":1.1796883344650269,"z":-1.566032886505127},"rotation":{"x":0.3303416967391968,"y":0.06505569815635681,"z":-0.022829752415418626,"w":0.9413408041000366},"size":0.3599756956100464,"orthographic":false}