{"cameraMode":{"drawMode":0,"name":"Shaded","section":"Shading Mode"},"sceneLighting":false,"audioPlay":false,"sceneViewState":{"showFog":true,"showMaterialUpdate":false,"showSkybox":false,"showFlares":true,"showImageEffects":true,"showParticleSystems":true},"in2DMode":false,"pivot":{"x":4.451165199279785,"y":0.8638888597488403,"z":-1.7030000686645508},"rotation":{"x":0.11833003908395767,"y":0.21478189527988435,"z":-0.026225168257951738,"w":0.9691126942634583},"size":0.7683433890342712,"orthographic":false}