{"cameraMode":{"drawMode":0,"name":"Shaded","section":"Shading Mode"},"sceneLighting":false,"audioPlay":false,"sceneViewState":{"showFog":true,"showMaterialUpdate":false,"showSkybox":false,"showFlares":true,"showImageEffects":true,"showParticleSystems":true},"in2DMode":false,"pivot":{"x":5.059399604797363,"y":1.726975440979004,"z":-0.72947096824646},"rotation":{"x":-0.19361355900764466,"y":-0.26524803042411806,"z":0.05445167049765587,"w":-0.942997395992279},"size":0.940285861492157,"orthographic":false}