{"cameraMode":{"drawMode":0,"name":"Shaded","section":"Shading Mode"},"sceneLighting":false,"audioPlay":false,"sceneViewState":{"showFog":true,"showMaterialUpdate":false,"showSkybox":false,"showFlares":true,"showImageEffects":true,"showParticleSystems":true},"in2DMode":false,"pivot":{"x":1.4550304412841797,"y":-3.022810935974121,"z":4.29349946975708},"rotation":{"x":0.211445614695549,"y":-0.6475238800048828,"z":0.1939457356929779,"w":0.7060213088989258},"size":5.089773654937744,"orthographic":false}