{"cameraMode":{"drawMode":0,"name":"Shaded","section":"Shading Mode"},"sceneLighting":false,"audioPlay":false,"sceneViewState":{"showFog":true,"showMaterialUpdate":false,"showSkybox":false,"showFlares":true,"showImageEffects":true,"showParticleSystems":true},"in2DMode":false,"pivot":{"x":9.414398193359375,"y":0.009033203125,"z":3.6630859375},"rotation":{"x":0.1369539499282837,"y":-0.01337239146232605,"z":0.0018490297952666879,"w":0.9904860854148865},"size":1.6788320541381837,"orthographic":true}