{"cameraMode":{"drawMode":0,"name":"Shaded","section":"Shading Mode"},"sceneLighting":false,"audioPlay":false,"sceneViewState":{"showFog":true,"showMaterialUpdate":false,"showSkybox":false,"showFlares":true,"showImageEffects":true,"showParticleSystems":true},"in2DMode":false,"pivot":{"x":7.908406734466553,"y":-1.8992743492126465,"z":0.4085988998413086},"rotation":{"x":0.02432255633175373,"y":-0.9396101236343384,"z":0.33449047803878786,"w":0.06832875311374664},"size":5.623067378997803,"orthographic":false}