{"cameraMode":{"drawMode":0,"name":"Shaded","section":"Shading Mode"},"sceneLighting":true,"audioPlay":false,"sceneViewState":{"showFog":true,"showMaterialUpdate":false,"showSkybox":false,"showFlares":true,"showImageEffects":true,"showParticleSystems":true},"in2DMode":false,"pivot":{"x":8.529525756835938,"y":-0.7611880302429199,"z":2.4550540447235109},"rotation":{"x":0.2510877549648285,"y":0.19921298325061799,"z":-0.052888333797454837,"w":0.9457655549049377},"size":2.6177926063537599,"orthographic":false}