{"cameraMode":{"drawMode":0,"name":"Shaded","section":"Shading Mode"},"sceneLighting":false,"audioPlay":false,"sceneViewState":{"showFog":true,"showMaterialUpdate":false,"showSkybox":false,"showFlares":true,"showImageEffects":true,"showParticleSystems":true},"in2DMode":false,"pivot":{"x":13.330698013305664,"y":1.59568452835083,"z":-4.49350118637085},"rotation":{"x":0.35440292954444888,"y":-0.023841219022870065,"z":0.009039278142154217,"w":0.9347469806671143},"size":0.41474494338035586,"orthographic":false}