{"cameraMode":{"drawMode":0,"name":"Shaded","section":"Shading Mode"},"sceneLighting":false,"audioPlay":false,"sceneViewState":{"showFog":true,"showMaterialUpdate":false,"showSkybox":false,"showFlares":true,"showImageEffects":true,"showParticleSystems":true},"in2DMode":false,"pivot":{"x":8.055000305175782,"y":1.2139999866485596,"z":-0.023000000044703485},"rotation":{"x":0.3494971692562103,"y":-0.08276547491550446,"z":0.03101152740418911,"w":0.932759702205658},"size":10.0,"orthographic":false}