{"cameraMode":{"drawMode":0,"name":"Shaded","section":"Shading Mode"},"sceneLighting":false,"audioPlay":false,"sceneViewState":{"showFog":true,"showMaterialUpdate":false,"showSkybox":false,"showFlares":true,"showImageEffects":true,"showParticleSystems":true},"in2DMode":false,"pivot":{"x":4.97900390625,"y":2.198486328125,"z":0.5884065628051758},"rotation":{"x":0.29180198907852175,"y":0.3029036819934845,"z":-0.0979968011379242,"w":0.90194171667099},"size":0.7820345759391785,"orthographic":true}