{"cameraMode":{"drawMode":1,"name":"Wireframe","section":"Shading Mode"},"sceneLighting":false,"audioPlay":false,"sceneViewState":{"showFog":true,"showMaterialUpdate":false,"showSkybox":false,"showFlares":true,"showImageEffects":true,"showParticleSystems":true},"in2DMode":false,"pivot":{"x":4.38883638381958,"y":1.7886962890625,"z":-1.041587471961975},"rotation":{"x":0.25474581122398379,"y":-0.14009971916675569,"z":0.03732908517122269,"w":0.9560800194740295},"size":0.7589075565338135,"orthographic":true}