{"cameraMode":{"drawMode":0,"name":"Shaded","section":"Shading Mode"},"sceneLighting":false,"audioPlay":false,"sceneViewState":{"showFog":true,"showMaterialUpdate":false,"showSkybox":false,"showFlares":true,"showImageEffects":true,"showParticleSystems":true},"in2DMode":false,"pivot":{"x":0.2628772258758545,"y":0.3952046036720276,"z":0.1026313304901123},"rotation":{"x":0.29180198907852175,"y":0.3029036819934845,"z":-0.0979968011379242,"w":0.90194171667099},"size":0.7257339358329773,"orthographic":true}