{"cameraMode":{"drawMode":0,"name":"Shaded","section":"Shading Mode"},"sceneLighting":false,"audioPlay":false,"sceneViewState":{"showFog":true,"showMaterialUpdate":false,"showSkybox":false,"showFlares":true,"showImageEffects":true,"showParticleSystems":true},"in2DMode":false,"pivot":{"x":8.69206428527832,"y":0.8504686951637268,"z":0.23121380805969239},"rotation":{"x":-0.008973410353064537,"y":-0.07763306796550751,"z":-0.0006897198036313057,"w":0.9969795942306519},"size":0.39970630407333376,"orthographic":true}