{"cameraMode":{"drawMode":0,"name":"Shaded","section":"Shading Mode"},"sceneLighting":true,"audioPlay":false,"sceneViewState":{"showFog":true,"showMaterialUpdate":false,"showSkybox":false,"showFlares":true,"showImageEffects":true,"showParticleSystems":true},"in2DMode":false,"pivot":{"x":8.319999694824219,"y":0.8789765238761902,"z":5.7170000076293949},"rotation":{"x":0.009714190848171711,"y":0.9738106727600098,"z":-0.04238716885447502,"w":0.22318518161773683},"size":3.367394208908081,"orthographic":false}