{"cameraMode":{"drawMode":0,"name":"Shaded","section":"Shading Mode"},"sceneLighting":false,"audioPlay":false,"sceneViewState":{"showFog":true,"showMaterialUpdate":false,"showSkybox":false,"showFlares":true,"showImageEffects":true,"showParticleSystems":true},"in2DMode":false,"pivot":{"x":7.7827534675598148,"y":3.3844339847564699,"z":3.6503663063049318},"rotation":{"x":0.3211275637149811,"y":0.27164795994758608,"z":-0.09670334309339524,"w":0.9020727276802063},"size":0.000017404556274414063,"orthographic":false}