{"cameraMode":{"drawMode":0,"name":"Shaded","section":"Shading Mode"},"sceneLighting":false,"audioPlay":false,"sceneViewState":{"showFog":true,"showMaterialUpdate":false,"showSkybox":false,"showFlares":true,"showImageEffects":true,"showParticleSystems":true},"in2DMode":false,"pivot":{"x":-0.1881856620311737,"y":0.36055582761764529,"z":-2.9802322387695315e-8},"rotation":{"x":0.3447188138961792,"y":0.15389621257781983,"z":-0.05740046501159668,"w":0.9242244362831116},"size":0.647844135761261,"orthographic":false}