{"cameraMode":{"drawMode":0,"name":"Shaded","section":"Shading Mode"},"sceneLighting":false,"audioPlay":false,"sceneViewState":{"showFog":true,"showMaterialUpdate":false,"showSkybox":false,"showFlares":true,"showImageEffects":true,"showParticleSystems":true},"in2DMode":false,"pivot":{"x":-2.78106951713562,"y":0.550000011920929,"z":1.3109922409057618},"rotation":{"x":0.3447188138961792,"y":0.15389621257781983,"z":-0.05740046501159668,"w":0.9242244362831116},"size":0.08660249412059784,"orthographic":false}