{"cameraMode":{"drawMode":0,"name":"Shaded","section":"Shading Mode"},"sceneLighting":false,"audioPlay":false,"sceneViewState":{"showFog":true,"showMaterialUpdate":false,"showSkybox":false,"showFlares":true,"showImageEffects":true,"showParticleSystems":true},"in2DMode":false,"pivot":{"x":8.350245475769043,"y":1.4178967475891114,"z":0.18041300773620606},"rotation":{"x":0.20625437796115876,"y":-0.31762489676475527,"z":0.07099282741546631,"w":0.922787070274353},"size":0.6287051439285278,"orthographic":false}